var,dias,trt,pl,categ,cont,prop,tree_id
A,0,0,1,0,12,0.181818181818182,A.0.0.1
A,0,0,1,1,0,0,A.0.0.1
A,0,0,1,2,0,0,A.0.0.1
A,0,0,1,3,0,0,A.0.0.1
A,0,0,1,4,0,0,A.0.0.1
A,0,0,1,5,0,0,A.0.0.1
A,0,0,2,0,28,0.424242424242424,A.0.0.2
A,0,0,2,1,0,0,A.0.0.2
A,0,0,2,2,0,0,A.0.0.2
A,0,0,2,3,0,0,A.0.0.2
A,0,0,2,4,0,0,A.0.0.2
A,0,0,2,5,0,0,A.0.0.2
A,0,0,3,0,25,0.378787878787879,A.0.0.3
A,0,0,3,1,1,0.0151515151515152,A.0.0.3
A,0,0,3,2,0,0,A.0.0.3
A,0,0,3,3,0,0,A.0.0.3
A,0,0,3,4,0,0,A.0.0.3
A,0,0,3,5,0,0,A.0.0.3
A,0,1,1,0,10,0.285714285714286,A.1.0.1
A,0,1,1,1,0,0,A.1.0.1
A,0,1,1,2,0,0,A.1.0.1
A,0,1,1,3,0,0,A.1.0.1
A,0,1,1,4,0,0,A.1.0.1
A,0,1,1,5,0,0,A.1.0.1
A,0,1,2,0,13,0.371428571428571,A.1.0.2
A,0,1,2,1,1,0.0285714285714286,A.1.0.2
A,0,1,2,2,0,0,A.1.0.2
A,0,1,2,3,0,0,A.1.0.2
A,0,1,2,4,0,0,A.1.0.2
A,0,1,2,5,0,0,A.1.0.2
A,0,1,3,0,10,0.285714285714286,A.1.0.3
A,0,1,3,1,1,0.0285714285714286,A.1.0.3
A,0,1,3,2,0,0,A.1.0.3
A,0,1,3,3,0,0,A.1.0.3
A,0,1,3,4,0,0,A.1.0.3
A,0,1,3,5,0,0,A.1.0.3
A,0,2,1,0,11,0.183333333333333,A.2.0.1
A,0,2,1,1,8,0.133333333333333,A.2.0.1
A,0,2,1,2,0,0,A.2.0.1
A,0,2,1,3,0,0,A.2.0.1
A,0,2,1,4,0,0,A.2.0.1
A,0,2,1,5,0,0,A.2.0.1
A,0,2,2,0,17,0.283333333333333,A.2.0.2
A,0,2,2,1,1,0.0166666666666667,A.2.0.2
A,0,2,2,2,1,0.0166666666666667,A.2.0.2
A,0,2,2,3,0,0,A.2.0.2
A,0,2,2,4,0,0,A.2.0.2
A,0,2,2,5,0,0,A.2.0.2
A,0,2,3,0,22,0.366666666666667,A.2.0.3
A,0,2,3,1,0,0,A.2.0.3
A,0,2,3,2,0,0,A.2.0.3
A,0,2,3,3,0,0,A.2.0.3
A,0,2,3,4,0,0,A.2.0.3
A,0,2,3,5,0,0,A.2.0.3
A,0,3,1,0,12,0.260869565217391,A.3.0.1
A,0,3,1,1,1,0.0217391304347826,A.3.0.1
A,0,3,1,2,2,0.0434782608695652,A.3.0.1
A,0,3,1,3,0,0,A.3.0.1
A,0,3,1,4,0,0,A.3.0.1
A,0,3,1,5,0,0,A.3.0.1
A,0,3,2,0,14,0.304347826086957,A.3.0.2
A,0,3,2,1,0,0,A.3.0.2
A,0,3,2,2,0,0,A.3.0.2
A,0,3,2,3,0,0,A.3.0.2
A,0,3,2,4,0,0,A.3.0.2
A,0,3,2,5,0,0,A.3.0.2
A,0,3,3,0,16,0.347826086956522,A.3.0.3
A,0,3,3,1,1,0.0217391304347826,A.3.0.3
A,0,3,3,2,0,0,A.3.0.3
A,0,3,3,3,0,0,A.3.0.3
A,0,3,3,4,0,0,A.3.0.3
A,0,3,3,5,0,0,A.3.0.3
A,0,4,1,0,11,0.183333333333333,A.4.0.1
A,0,4,1,1,1,0.0166666666666667,A.4.0.1
A,0,4,1,2,0,0,A.4.0.1
A,0,4,1,3,0,0,A.4.0.1
A,0,4,1,4,0,0,A.4.0.1
A,0,4,1,5,0,0,A.4.0.1
A,0,4,2,0,21,0.35,A.4.0.2
A,0,4,2,1,0,0,A.4.0.2
A,0,4,2,2,0,0,A.4.0.2
A,0,4,2,3,0,0,A.4.0.2
A,0,4,2,4,0,0,A.4.0.2
A,0,4,2,5,0,0,A.4.0.2
A,0,4,3,0,27,0.45,A.4.0.3
A,0,4,3,1,0,0,A.4.0.3
A,0,4,3,2,0,0,A.4.0.3
A,0,4,3,3,0,0,A.4.0.3
A,0,4,3,4,0,0,A.4.0.3
A,0,4,3,5,0,0,A.4.0.3
A,1,0,1,0,20,0.238095238095238,A.0.1.1
A,1,0,1,1,0,0,A.0.1.1
A,1,0,1,2,0,0,A.0.1.1
A,1,0,1,3,0,0,A.0.1.1
A,1,0,1,4,0,0,A.0.1.1
A,1,0,1,5,0,0,A.0.1.1
A,1,0,2,0,35,0.416666666666667,A.0.1.2
A,1,0,2,1,1,0.0119047619047619,A.0.1.2
A,1,0,2,2,0,0,A.0.1.2
A,1,0,2,3,0,0,A.0.1.2
A,1,0,2,4,0,0,A.0.1.2
A,1,0,2,5,0,0,A.0.1.2
A,1,0,3,0,28,0.333333333333333,A.0.1.3
A,1,0,3,1,0,0,A.0.1.3
A,1,0,3,2,0,0,A.0.1.3
A,1,0,3,3,0,0,A.0.1.3
A,1,0,3,4,0,0,A.0.1.3
A,1,0,3,5,0,0,A.0.1.3
A,1,1,1,0,17,0.333333333333333,A.1.1.1
A,1,1,1,1,0,0,A.1.1.1
A,1,1,1,2,0,0,A.1.1.1
A,1,1,1,3,0,0,A.1.1.1
A,1,1,1,4,0,0,A.1.1.1
A,1,1,1,5,0,0,A.1.1.1
A,1,1,2,0,17,0.333333333333333,A.1.1.2
A,1,1,2,1,0,0,A.1.1.2
A,1,1,2,2,0,0,A.1.1.2
A,1,1,2,3,0,0,A.1.1.2
A,1,1,2,4,0,0,A.1.1.2
A,1,1,2,5,0,0,A.1.1.2
A,1,1,3,0,17,0.333333333333333,A.1.1.3
A,1,1,3,1,0,0,A.1.1.3
A,1,1,3,2,0,0,A.1.1.3
A,1,1,3,3,0,0,A.1.1.3
A,1,1,3,4,0,0,A.1.1.3
A,1,1,3,5,0,0,A.1.1.3
A,1,2,1,0,16,0.363636363636364,A.2.1.1
A,1,2,1,1,0,0,A.2.1.1
A,1,2,1,2,0,0,A.2.1.1
A,1,2,1,3,0,0,A.2.1.1
A,1,2,1,4,0,0,A.2.1.1
A,1,2,1,5,0,0,A.2.1.1
A,1,2,2,0,15,0.340909090909091,A.2.1.2
A,1,2,2,1,0,0,A.2.1.2
A,1,2,2,2,0,0,A.2.1.2
A,1,2,2,3,0,0,A.2.1.2
A,1,2,2,4,0,0,A.2.1.2
A,1,2,2,5,0,0,A.2.1.2
A,1,2,3,0,13,0.295454545454545,A.2.1.3
A,1,2,3,1,0,0,A.2.1.3
A,1,2,3,2,0,0,A.2.1.3
A,1,2,3,3,0,0,A.2.1.3
A,1,2,3,4,0,0,A.2.1.3
A,1,2,3,5,0,0,A.2.1.3
A,1,3,1,0,17,0.314814814814815,A.3.1.1
A,1,3,1,1,0,0,A.3.1.1
A,1,3,1,2,0,0,A.3.1.1
A,1,3,1,3,0,0,A.3.1.1
A,1,3,1,4,0,0,A.3.1.1
A,1,3,1,5,0,0,A.3.1.1
A,1,3,2,0,18,0.333333333333333,A.3.1.2
A,1,3,2,1,0,0,A.3.1.2
A,1,3,2,2,0,0,A.3.1.2
A,1,3,2,3,0,0,A.3.1.2
A,1,3,2,4,0,0,A.3.1.2
A,1,3,2,5,0,0,A.3.1.2
A,1,3,3,0,19,0.351851851851852,A.3.1.3
A,1,3,3,1,0,0,A.3.1.3
A,1,3,3,2,0,0,A.3.1.3
A,1,3,3,3,0,0,A.3.1.3
A,1,3,3,4,0,0,A.3.1.3
A,1,3,3,5,0,0,A.3.1.3
A,1,4,1,0,19,0.395833333333333,A.4.1.1
A,1,4,1,1,0,0,A.4.1.1
A,1,4,1,2,0,0,A.4.1.1
A,1,4,1,3,0,0,A.4.1.1
A,1,4,1,4,0,0,A.4.1.1
A,1,4,1,5,0,0,A.4.1.1
A,1,4,2,0,22,0.458333333333333,A.4.1.2
A,1,4,2,1,1,0.0208333333333333,A.4.1.2
A,1,4,2,2,0,0,A.4.1.2
A,1,4,2,3,0,0,A.4.1.2
A,1,4,2,4,0,0,A.4.1.2
A,1,4,2,5,0,0,A.4.1.2
A,1,4,3,0,6,0.125,A.4.1.3
A,1,4,3,1,0,0,A.4.1.3
A,1,4,3,2,0,0,A.4.1.3
A,1,4,3,3,0,0,A.4.1.3
A,1,4,3,4,0,0,A.4.1.3
A,1,4,3,5,0,0,A.4.1.3
A,3,0,1,0,15,0.217391304347826,A.0.3.1
A,3,0,1,1,5,0.072463768115942,A.0.3.1
A,3,0,1,2,2,0.0289855072463768,A.0.3.1
A,3,0,1,3,0,0,A.0.3.1
A,3,0,1,4,0,0,A.0.3.1
A,3,0,1,5,0,0,A.0.3.1
A,3,0,2,0,25,0.36231884057971,A.0.3.2
A,3,0,2,1,0,0,A.0.3.2
A,3,0,2,2,0,0,A.0.3.2
A,3,0,2,3,0,0,A.0.3.2
A,3,0,2,4,0,0,A.0.3.2
A,3,0,2,5,0,0,A.0.3.2
A,3,0,3,0,22,0.318840579710145,A.0.3.3
A,3,0,3,1,0,0,A.0.3.3
A,3,0,3,2,0,0,A.0.3.3
A,3,0,3,3,0,0,A.0.3.3
A,3,0,3,4,0,0,A.0.3.3
A,3,0,3,5,0,0,A.0.3.3
A,3,1,1,0,19,0.358490566037736,A.1.3.1
A,3,1,1,1,0,0,A.1.3.1
A,3,1,1,2,0,0,A.1.3.1
A,3,1,1,3,0,0,A.1.3.1
A,3,1,1,4,0,0,A.1.3.1
A,3,1,1,5,0,0,A.1.3.1
A,3,1,2,0,17,0.320754716981132,A.1.3.2
A,3,1,2,1,0,0,A.1.3.2
A,3,1,2,2,0,0,A.1.3.2
A,3,1,2,3,0,0,A.1.3.2
A,3,1,2,4,0,0,A.1.3.2
A,3,1,2,5,0,0,A.1.3.2
A,3,1,3,0,17,0.320754716981132,A.1.3.3
A,3,1,3,1,0,0,A.1.3.3
A,3,1,3,2,0,0,A.1.3.3
A,3,1,3,3,0,0,A.1.3.3
A,3,1,3,4,0,0,A.1.3.3
A,3,1,3,5,0,0,A.1.3.3
A,3,2,1,0,18,0.257142857142857,A.2.3.1
A,3,2,1,1,0,0,A.2.3.1
A,3,2,1,2,0,0,A.2.3.1
A,3,2,1,3,0,0,A.2.3.1
A,3,2,1,4,0,0,A.2.3.1
A,3,2,1,5,0,0,A.2.3.1
A,3,2,2,0,19,0.271428571428571,A.2.3.2
A,3,2,2,1,0,0,A.2.3.2
A,3,2,2,2,0,0,A.2.3.2
A,3,2,2,3,0,0,A.2.3.2
A,3,2,2,4,0,0,A.2.3.2
A,3,2,2,5,0,0,A.2.3.2
A,3,2,3,0,33,0.471428571428571,A.2.3.3
A,3,2,3,1,0,0,A.2.3.3
A,3,2,3,2,0,0,A.2.3.3
A,3,2,3,3,0,0,A.2.3.3
A,3,2,3,4,0,0,A.2.3.3
A,3,2,3,5,0,0,A.2.3.3
A,3,3,1,0,16,0.347826086956522,A.3.3.1
A,3,3,1,1,0,0,A.3.3.1
A,3,3,1,2,0,0,A.3.3.1
A,3,3,1,3,0,0,A.3.3.1
A,3,3,1,4,0,0,A.3.3.1
A,3,3,1,5,0,0,A.3.3.1
A,3,3,2,0,9,0.195652173913043,A.3.3.2
A,3,3,2,1,0,0,A.3.3.2
A,3,3,2,2,0,0,A.3.3.2
A,3,3,2,3,0,0,A.3.3.2
A,3,3,2,4,0,0,A.3.3.2
A,3,3,2,5,0,0,A.3.3.2
A,3,3,3,0,21,0.456521739130435,A.3.3.3
A,3,3,3,1,0,0,A.3.3.3
A,3,3,3,2,0,0,A.3.3.3
A,3,3,3,3,0,0,A.3.3.3
A,3,3,3,4,0,0,A.3.3.3
A,3,3,3,5,0,0,A.3.3.3
A,3,4,1,0,11,0.154929577464789,A.4.3.1
A,3,4,1,1,2,0.028169014084507,A.4.3.1
A,3,4,1,2,2,0.028169014084507,A.4.3.1
A,3,4,1,3,0,0,A.4.3.1
A,3,4,1,4,0,0,A.4.3.1
A,3,4,1,5,0,0,A.4.3.1
A,3,4,2,0,33,0.464788732394366,A.4.3.2
A,3,4,2,1,0,0,A.4.3.2
A,3,4,2,2,0,0,A.4.3.2
A,3,4,2,3,0,0,A.4.3.2
A,3,4,2,4,0,0,A.4.3.2
A,3,4,2,5,0,0,A.4.3.2
A,3,4,3,0,23,0.323943661971831,A.4.3.3
A,3,4,3,1,0,0,A.4.3.3
A,3,4,3,2,0,0,A.4.3.3
A,3,4,3,3,0,0,A.4.3.3
A,3,4,3,4,0,0,A.4.3.3
A,3,4,3,5,0,0,A.4.3.3
A,7,0,1,0,15,0.294117647058824,A.0.7.1
A,7,0,1,1,3,0.0588235294117647,A.0.7.1
A,7,0,1,2,3,0.0588235294117647,A.0.7.1
A,7,0,1,3,2,0.0392156862745098,A.0.7.1
A,7,0,1,4,1,0.0196078431372549,A.0.7.1
A,7,0,1,5,0,0,A.0.7.1
A,7,0,2,0,27,0.529411764705882,A.0.7.2
A,7,0,2,1,0,0,A.0.7.2
A,7,0,2,2,0,0,A.0.7.2
A,7,0,2,3,0,0,A.0.7.2
A,7,0,2,4,0,0,A.0.7.2
A,7,0,2,5,0,0,A.0.7.2
A,7,0,3,0,0,0,A.0.7.3
A,7,0,3,1,0,0,A.0.7.3
A,7,0,3,2,0,0,A.0.7.3
A,7,0,3,3,0,0,A.0.7.3
A,7,0,3,4,0,0,A.0.7.3
A,7,0,3,5,0,0,A.0.7.3
A,7,1,1,0,38,0.426966292134831,A.1.7.1
A,7,1,1,1,0,0,A.1.7.1
A,7,1,1,2,0,0,A.1.7.1
A,7,1,1,3,0,0,A.1.7.1
A,7,1,1,4,0,0,A.1.7.1
A,7,1,1,5,0,0,A.1.7.1
A,7,1,2,0,20,0.224719101123596,A.1.7.2
A,7,1,2,1,0,0,A.1.7.2
A,7,1,2,2,0,0,A.1.7.2
A,7,1,2,3,0,0,A.1.7.2
A,7,1,2,4,0,0,A.1.7.2
A,7,1,2,5,0,0,A.1.7.2
A,7,1,3,0,31,0.348314606741573,A.1.7.3
A,7,1,3,1,0,0,A.1.7.3
A,7,1,3,2,0,0,A.1.7.3
A,7,1,3,3,0,0,A.1.7.3
A,7,1,3,4,0,0,A.1.7.3
A,7,1,3,5,0,0,A.1.7.3
A,7,2,1,0,23,0.410714285714286,A.2.7.1
A,7,2,1,1,0,0,A.2.7.1
A,7,2,1,2,0,0,A.2.7.1
A,7,2,1,3,0,0,A.2.7.1
A,7,2,1,4,0,0,A.2.7.1
A,7,2,1,5,0,0,A.2.7.1
A,7,2,2,0,10,0.178571428571429,A.2.7.2
A,7,2,2,1,4,0.0714285714285714,A.2.7.2
A,7,2,2,2,3,0.0535714285714286,A.2.7.2
A,7,2,2,3,0,0,A.2.7.2
A,7,2,2,4,0,0,A.2.7.2
A,7,2,2,5,0,0,A.2.7.2
A,7,2,3,0,16,0.285714285714286,A.2.7.3
A,7,2,3,1,0,0,A.2.7.3
A,7,2,3,2,0,0,A.2.7.3
A,7,2,3,3,0,0,A.2.7.3
A,7,2,3,4,0,0,A.2.7.3
A,7,2,3,5,0,0,A.2.7.3
A,7,3,1,0,28,0.4,A.3.7.1
A,7,3,1,1,0,0,A.3.7.1
A,7,3,1,2,0,0,A.3.7.1
A,7,3,1,3,0,0,A.3.7.1
A,7,3,1,4,0,0,A.3.7.1
A,7,3,1,5,0,0,A.3.7.1
A,7,3,2,0,17,0.242857142857143,A.3.7.2
A,7,3,2,1,1,0.0142857142857143,A.3.7.2
A,7,3,2,2,0,0,A.3.7.2
A,7,3,2,3,0,0,A.3.7.2
A,7,3,2,4,0,0,A.3.7.2
A,7,3,2,5,0,0,A.3.7.2
A,7,3,3,0,22,0.314285714285714,A.3.7.3
A,7,3,3,1,2,0.0285714285714286,A.3.7.3
A,7,3,3,2,0,0,A.3.7.3
A,7,3,3,3,0,0,A.3.7.3
A,7,3,3,4,0,0,A.3.7.3
A,7,3,3,5,0,0,A.3.7.3
A,7,4,1,0,14,0.208955223880597,A.4.7.1
A,7,4,1,1,7,0.104477611940299,A.4.7.1
A,7,4,1,2,1,0.0149253731343284,A.4.7.1
A,7,4,1,3,2,0.0298507462686567,A.4.7.1
A,7,4,1,4,0,0,A.4.7.1
A,7,4,1,5,0,0,A.4.7.1
A,7,4,2,0,17,0.253731343283582,A.4.7.2
A,7,4,2,1,0,0,A.4.7.2
A,7,4,2,2,0,0,A.4.7.2
A,7,4,2,3,0,0,A.4.7.2
A,7,4,2,4,0,0,A.4.7.2
A,7,4,2,5,0,0,A.4.7.2
A,7,4,3,0,25,0.373134328358209,A.4.7.3
A,7,4,3,1,1,0.0149253731343284,A.4.7.3
A,7,4,3,2,0,0,A.4.7.3
A,7,4,3,3,0,0,A.4.7.3
A,7,4,3,4,0,0,A.4.7.3
A,7,4,3,5,0,0,A.4.7.3
B,0,0,1,0,8,0.235294117647059,B.0.0.1
B,0,0,1,1,4,0.117647058823529,B.0.0.1
B,0,0,1,2,0,0,B.0.0.1
B,0,0,1,3,0,0,B.0.0.1
B,0,0,1,4,0,0,B.0.0.1
B,0,0,1,5,0,0,B.0.0.1
B,0,0,2,0,7,0.205882352941176,B.0.0.2
B,0,0,2,1,3,0.0882352941176471,B.0.0.2
B,0,0,2,2,0,0,B.0.0.2
B,0,0,2,3,0,0,B.0.0.2
B,0,0,2,4,0,0,B.0.0.2
B,0,0,2,5,0,0,B.0.0.2
B,0,0,3,0,7,0.205882352941176,B.0.0.3
B,0,0,3,1,3,0.0882352941176471,B.0.0.3
B,0,0,3,2,2,0.0588235294117647,B.0.0.3
B,0,0,3,3,0,0,B.0.0.3
B,0,0,3,4,0,0,B.0.0.3
B,0,0,3,5,0,0,B.0.0.3
B,0,1,1,0,12,0.387096774193548,B.1.0.1
B,0,1,1,1,0,0,B.1.0.1
B,0,1,1,2,0,0,B.1.0.1
B,0,1,1,3,0,0,B.1.0.1
B,0,1,1,4,0,0,B.1.0.1
B,0,1,1,5,0,0,B.1.0.1
B,0,1,2,0,9,0.290322580645161,B.1.0.2
B,0,1,2,1,0,0,B.1.0.2
B,0,1,2,2,0,0,B.1.0.2
B,0,1,2,3,0,0,B.1.0.2
B,0,1,2,4,0,0,B.1.0.2
B,0,1,2,5,0,0,B.1.0.2
B,0,1,3,0,10,0.32258064516129,B.1.0.3
B,0,1,3,1,0,0,B.1.0.3
B,0,1,3,2,0,0,B.1.0.3
B,0,1,3,3,0,0,B.1.0.3
B,0,1,3,4,0,0,B.1.0.3
B,0,1,3,5,0,0,B.1.0.3
B,0,2,1,0,15,0.283018867924528,B.2.0.1
B,0,2,1,1,1,0.0188679245283019,B.2.0.1
B,0,2,1,2,0,0,B.2.0.1
B,0,2,1,3,0,0,B.2.0.1
B,0,2,1,4,0,0,B.2.0.1
B,0,2,1,5,0,0,B.2.0.1
B,0,2,2,0,9,0.169811320754717,B.2.0.2
B,0,2,2,1,2,0.0377358490566038,B.2.0.2
B,0,2,2,2,0,0,B.2.0.2
B,0,2,2,3,0,0,B.2.0.2
B,0,2,2,4,0,0,B.2.0.2
B,0,2,2,5,0,0,B.2.0.2
B,0,2,3,0,25,0.471698113207547,B.2.0.3
B,0,2,3,1,1,0.0188679245283019,B.2.0.3
B,0,2,3,2,0,0,B.2.0.3
B,0,2,3,3,0,0,B.2.0.3
B,0,2,3,4,0,0,B.2.0.3
B,0,2,3,5,0,0,B.2.0.3
B,0,3,1,0,6,0.142857142857143,B.3.0.1
B,0,3,1,1,5,0.119047619047619,B.3.0.1
B,0,3,1,2,2,0.0476190476190476,B.3.0.1
B,0,3,1,3,1,0.0238095238095238,B.3.0.1
B,0,3,1,4,0,0,B.3.0.1
B,0,3,1,5,0,0,B.3.0.1
B,0,3,2,0,14,0.333333333333333,B.3.0.2
B,0,3,2,1,1,0.0238095238095238,B.3.0.2
B,0,3,2,2,0,0,B.3.0.2
B,0,3,2,3,0,0,B.3.0.2
B,0,3,2,4,0,0,B.3.0.2
B,0,3,2,5,0,0,B.3.0.2
B,0,3,3,0,12,0.285714285714286,B.3.0.3
B,0,3,3,1,1,0.0238095238095238,B.3.0.3
B,0,3,3,2,0,0,B.3.0.3
B,0,3,3,3,0,0,B.3.0.3
B,0,3,3,4,0,0,B.3.0.3
B,0,3,3,5,0,0,B.3.0.3
B,0,4,1,0,15,0.288461538461538,B.4.0.1
B,0,4,1,1,3,0.0576923076923077,B.4.0.1
B,0,4,1,2,2,0.0384615384615385,B.4.0.1
B,0,4,1,3,0,0,B.4.0.1
B,0,4,1,4,0,0,B.4.0.1
B,0,4,1,5,0,0,B.4.0.1
B,0,4,2,0,14,0.269230769230769,B.4.0.2
B,0,4,2,1,2,0.0384615384615385,B.4.0.2
B,0,4,2,2,0,0,B.4.0.2
B,0,4,2,3,0,0,B.4.0.2
B,0,4,2,4,0,0,B.4.0.2
B,0,4,2,5,0,0,B.4.0.2
B,0,4,3,0,13,0.25,B.4.0.3
B,0,4,3,1,2,0.0384615384615385,B.4.0.3
B,0,4,3,2,1,0.0192307692307692,B.4.0.3
B,0,4,3,3,0,0,B.4.0.3
B,0,4,3,4,0,0,B.4.0.3
B,0,4,3,5,0,0,B.4.0.3
B,1,0,1,0,13,0.276595744680851,B.0.1.1
B,1,0,1,1,3,0.0638297872340426,B.0.1.1
B,1,0,1,2,0,0,B.0.1.1
B,1,0,1,3,0,0,B.0.1.1
B,1,0,1,4,0,0,B.0.1.1
B,1,0,1,5,0,0,B.0.1.1
B,1,0,2,0,8,0.170212765957447,B.0.1.2
B,1,0,2,1,2,0.0425531914893617,B.0.1.2
B,1,0,2,2,1,0.0212765957446809,B.0.1.2
B,1,0,2,3,0,0,B.0.1.2
B,1,0,2,4,0,0,B.0.1.2
B,1,0,2,5,0,0,B.0.1.2
B,1,0,3,0,5,0.106382978723404,B.0.1.3
B,1,0,3,1,7,0.148936170212766,B.0.1.3
B,1,0,3,2,6,0.127659574468085,B.0.1.3
B,1,0,3,3,2,0.0425531914893617,B.0.1.3
B,1,0,3,4,0,0,B.0.1.3
B,1,0,3,5,0,0,B.0.1.3
B,1,1,1,0,13,0.30952380952381,B.1.1.1
B,1,1,1,1,1,0.0238095238095238,B.1.1.1
B,1,1,1,2,0,0,B.1.1.1
B,1,1,1,3,0,0,B.1.1.1
B,1,1,1,4,0,0,B.1.1.1
B,1,1,1,5,0,0,B.1.1.1
B,1,1,2,0,14,0.333333333333333,B.1.1.2
B,1,1,2,1,0,0,B.1.1.2
B,1,1,2,2,0,0,B.1.1.2
B,1,1,2,3,0,0,B.1.1.2
B,1,1,2,4,0,0,B.1.1.2
B,1,1,2,5,0,0,B.1.1.2
B,1,1,3,0,14,0.333333333333333,B.1.1.3
B,1,1,3,1,0,0,B.1.1.3
B,1,1,3,2,0,0,B.1.1.3
B,1,1,3,3,0,0,B.1.1.3
B,1,1,3,4,0,0,B.1.1.3
B,1,1,3,5,0,0,B.1.1.3
B,1,2,1,0,15,0.230769230769231,B.2.1.1
B,1,2,1,1,4,0.0615384615384615,B.2.1.1
B,1,2,1,2,0,0,B.2.1.1
B,1,2,1,3,0,0,B.2.1.1
B,1,2,1,4,0,0,B.2.1.1
B,1,2,1,5,0,0,B.2.1.1
B,1,2,2,0,19,0.292307692307692,B.2.1.2
B,1,2,2,1,1,0.0153846153846154,B.2.1.2
B,1,2,2,2,0,0,B.2.1.2
B,1,2,2,3,0,0,B.2.1.2
B,1,2,2,4,0,0,B.2.1.2
B,1,2,2,5,0,0,B.2.1.2
B,1,2,3,0,21,0.323076923076923,B.2.1.3
B,1,2,3,1,2,0.0307692307692308,B.2.1.3
B,1,2,3,2,2,0.0307692307692308,B.2.1.3
B,1,2,3,3,1,0.0153846153846154,B.2.1.3
B,1,2,3,4,0,0,B.2.1.3
B,1,2,3,5,0,0,B.2.1.3
B,1,3,1,0,11,0.17741935483871,B.3.1.1
B,1,3,1,1,0,0,B.3.1.1
B,1,3,1,2,0,0,B.3.1.1
B,1,3,1,3,0,0,B.3.1.1
B,1,3,1,4,0,0,B.3.1.1
B,1,3,1,5,0,0,B.3.1.1
B,1,3,2,0,23,0.370967741935484,B.3.1.2
B,1,3,2,1,1,0.0161290322580645,B.3.1.2
B,1,3,2,2,0,0,B.3.1.2
B,1,3,2,3,0,0,B.3.1.2
B,1,3,2,4,0,0,B.3.1.2
B,1,3,2,5,0,0,B.3.1.2
B,1,3,3,0,25,0.403225806451613,B.3.1.3
B,1,3,3,1,2,0.032258064516129,B.3.1.3
B,1,3,3,2,0,0,B.3.1.3
B,1,3,3,3,0,0,B.3.1.3
B,1,3,3,4,0,0,B.3.1.3
B,1,3,3,5,0,0,B.3.1.3
B,1,4,1,0,10,0.24390243902439,B.4.1.1
B,1,4,1,1,0,0,B.4.1.1
B,1,4,1,2,0,0,B.4.1.1
B,1,4,1,3,0,0,B.4.1.1
B,1,4,1,4,0,0,B.4.1.1
B,1,4,1,5,0,0,B.4.1.1
B,1,4,2,0,15,0.365853658536585,B.4.1.2
B,1,4,2,1,0,0,B.4.1.2
B,1,4,2,2,0,0,B.4.1.2
B,1,4,2,3,0,0,B.4.1.2
B,1,4,2,4,0,0,B.4.1.2
B,1,4,2,5,0,0,B.4.1.2
B,1,4,3,0,15,0.365853658536585,B.4.1.3
B,1,4,3,1,1,0.024390243902439,B.4.1.3
B,1,4,3,2,0,0,B.4.1.3
B,1,4,3,3,0,0,B.4.1.3
B,1,4,3,4,0,0,B.4.1.3
B,1,4,3,5,0,0,B.4.1.3
B,3,0,1,0,14,0.274509803921569,B.0.3.1
B,3,0,1,1,1,0.0196078431372549,B.0.3.1
B,3,0,1,2,0,0,B.0.3.1
B,3,0,1,3,0,0,B.0.3.1
B,3,0,1,4,0,0,B.0.3.1
B,3,0,1,5,0,0,B.0.3.1
B,3,0,2,0,17,0.333333333333333,B.0.3.2
B,3,0,2,1,2,0.0392156862745098,B.0.3.2
B,3,0,2,2,0,0,B.0.3.2
B,3,0,2,3,0,0,B.0.3.2
B,3,0,2,4,0,0,B.0.3.2
B,3,0,2,5,0,0,B.0.3.2
B,3,0,3,0,14,0.274509803921569,B.0.3.3
B,3,0,3,1,2,0.0392156862745098,B.0.3.3
B,3,0,3,2,0,0,B.0.3.3
B,3,0,3,3,1,0.0196078431372549,B.0.3.3
B,3,0,3,4,0,0,B.0.3.3
B,3,0,3,5,0,0,B.0.3.3
B,3,1,1,0,18,0.327272727272727,B.1.3.1
B,3,1,1,1,0,0,B.1.3.1
B,3,1,1,2,0,0,B.1.3.1
B,3,1,1,3,0,0,B.1.3.1
B,3,1,1,4,0,0,B.1.3.1
B,3,1,1,5,0,0,B.1.3.1
B,3,1,2,0,16,0.290909090909091,B.1.3.2
B,3,1,2,1,0,0,B.1.3.2
B,3,1,2,2,0,0,B.1.3.2
B,3,1,2,3,0,0,B.1.3.2
B,3,1,2,4,0,0,B.1.3.2
B,3,1,2,5,0,0,B.1.3.2
B,3,1,3,0,21,0.381818181818182,B.1.3.3
B,3,1,3,1,0,0,B.1.3.3
B,3,1,3,2,0,0,B.1.3.3
B,3,1,3,3,0,0,B.1.3.3
B,3,1,3,4,0,0,B.1.3.3
B,3,1,3,5,0,0,B.1.3.3
B,3,2,1,0,19,0.283582089552239,B.2.3.1
B,3,2,1,1,0,0,B.2.3.1
B,3,2,1,2,0,0,B.2.3.1
B,3,2,1,3,0,0,B.2.3.1
B,3,2,1,4,0,0,B.2.3.1
B,3,2,1,5,0,0,B.2.3.1
B,3,2,2,0,21,0.313432835820896,B.2.3.2
B,3,2,2,1,1,0.0149253731343284,B.2.3.2
B,3,2,2,2,0,0,B.2.3.2
B,3,2,2,3,0,0,B.2.3.2
B,3,2,2,4,0,0,B.2.3.2
B,3,2,2,5,0,0,B.2.3.2
B,3,2,3,0,26,0.388059701492537,B.2.3.3
B,3,2,3,1,0,0,B.2.3.3
B,3,2,3,2,0,0,B.2.3.3
B,3,2,3,3,0,0,B.2.3.3
B,3,2,3,4,0,0,B.2.3.3
B,3,2,3,5,0,0,B.2.3.3
B,3,3,1,0,18,0.346153846153846,B.3.3.1
B,3,3,1,1,0,0,B.3.3.1
B,3,3,1,2,0,0,B.3.3.1
B,3,3,1,3,1,0.0192307692307692,B.3.3.1
B,3,3,1,4,0,0,B.3.3.1
B,3,3,1,5,0,0,B.3.3.1
B,3,3,2,0,15,0.288461538461538,B.3.3.2
B,3,3,2,1,0,0,B.3.3.2
B,3,3,2,2,0,0,B.3.3.2
B,3,3,2,3,0,0,B.3.3.2
B,3,3,2,4,0,0,B.3.3.2
B,3,3,2,5,0,0,B.3.3.2
B,3,3,3,0,18,0.346153846153846,B.3.3.3
B,3,3,3,1,0,0,B.3.3.3
B,3,3,3,2,0,0,B.3.3.3
B,3,3,3,3,0,0,B.3.3.3
B,3,3,3,4,0,0,B.3.3.3
B,3,3,3,5,0,0,B.3.3.3
B,3,4,1,0,14,0.28,B.4.3.1
B,3,4,1,1,0,0,B.4.3.1
B,3,4,1,2,0,0,B.4.3.1
B,3,4,1,3,0,0,B.4.3.1
B,3,4,1,4,0,0,B.4.3.1
B,3,4,1,5,0,0,B.4.3.1
B,3,4,2,0,19,0.38,B.4.3.2
B,3,4,2,1,0,0,B.4.3.2
B,3,4,2,2,0,0,B.4.3.2
B,3,4,2,3,0,0,B.4.3.2
B,3,4,2,4,0,0,B.4.3.2
B,3,4,2,5,0,0,B.4.3.2
B,3,4,3,0,17,0.34,B.4.3.3
B,3,4,3,1,0,0,B.4.3.3
B,3,4,3,2,0,0,B.4.3.3
B,3,4,3,3,0,0,B.4.3.3
B,3,4,3,4,0,0,B.4.3.3
B,3,4,3,5,0,0,B.4.3.3
B,7,0,1,0,21,0.368421052631579,B.0.7.1
B,7,0,1,1,1,0.0175438596491228,B.0.7.1
B,7,0,1,2,0,0,B.0.7.1
B,7,0,1,3,0,0,B.0.7.1
B,7,0,1,4,0,0,B.0.7.1
B,7,0,1,5,0,0,B.0.7.1
B,7,0,2,0,18,0.315789473684211,B.0.7.2
B,7,0,2,1,1,0.0175438596491228,B.0.7.2
B,7,0,2,2,0,0,B.0.7.2
B,7,0,2,3,0,0,B.0.7.2
B,7,0,2,4,0,0,B.0.7.2
B,7,0,2,5,0,0,B.0.7.2
B,7,0,3,0,16,0.280701754385965,B.0.7.3
B,7,0,3,1,0,0,B.0.7.3
B,7,0,3,2,0,0,B.0.7.3
B,7,0,3,3,0,0,B.0.7.3
B,7,0,3,4,0,0,B.0.7.3
B,7,0,3,5,0,0,B.0.7.3
B,7,1,1,0,22,0.301369863013699,B.1.7.1
B,7,1,1,1,0,0,B.1.7.1
B,7,1,1,2,0,0,B.1.7.1
B,7,1,1,3,0,0,B.1.7.1
B,7,1,1,4,0,0,B.1.7.1
B,7,1,1,5,0,0,B.1.7.1
B,7,1,2,0,28,0.383561643835616,B.1.7.2
B,7,1,2,1,0,0,B.1.7.2
B,7,1,2,2,0,0,B.1.7.2
B,7,1,2,3,0,0,B.1.7.2
B,7,1,2,4,0,0,B.1.7.2
B,7,1,2,5,0,0,B.1.7.2
B,7,1,3,0,23,0.315068493150685,B.1.7.3
B,7,1,3,1,0,0,B.1.7.3
B,7,1,3,2,0,0,B.1.7.3
B,7,1,3,3,0,0,B.1.7.3
B,7,1,3,4,0,0,B.1.7.3
B,7,1,3,5,0,0,B.1.7.3
B,7,2,1,0,15,0.294117647058824,B.2.7.1
B,7,2,1,1,4,0.0784313725490196,B.2.7.1
B,7,2,1,2,0,0,B.2.7.1
B,7,2,1,3,0,0,B.2.7.1
B,7,2,1,4,0,0,B.2.7.1
B,7,2,1,5,0,0,B.2.7.1
B,7,2,2,0,19,0.372549019607843,B.2.7.2
B,7,2,2,1,0,0,B.2.7.2
B,7,2,2,2,0,0,B.2.7.2
B,7,2,2,3,0,0,B.2.7.2
B,7,2,2,4,0,0,B.2.7.2
B,7,2,2,5,0,0,B.2.7.2
B,7,2,3,0,2,0.0392156862745098,B.2.7.3
B,7,2,3,1,6,0.117647058823529,B.2.7.3
B,7,2,3,2,3,0.0588235294117647,B.2.7.3
B,7,2,3,3,1,0.0196078431372549,B.2.7.3
B,7,2,3,4,1,0.0196078431372549,B.2.7.3
B,7,2,3,5,0,0,B.2.7.3
B,7,3,1,0,19,0.306451612903226,B.3.7.1
B,7,3,1,1,0,0,B.3.7.1
B,7,3,1,2,0,0,B.3.7.1
B,7,3,1,3,0,0,B.3.7.1
B,7,3,1,4,0,0,B.3.7.1
B,7,3,1,5,0,0,B.3.7.1
B,7,3,2,0,22,0.354838709677419,B.3.7.2
B,7,3,2,1,2,0.032258064516129,B.3.7.2
B,7,3,2,2,0,0,B.3.7.2
B,7,3,2,3,0,0,B.3.7.2
B,7,3,2,4,0,0,B.3.7.2
B,7,3,2,5,0,0,B.3.7.2
B,7,3,3,0,19,0.306451612903226,B.3.7.3
B,7,3,3,1,0,0,B.3.7.3
B,7,3,3,2,0,0,B.3.7.3
B,7,3,3,3,0,0,B.3.7.3
B,7,3,3,4,0,0,B.3.7.3
B,7,3,3,5,0,0,B.3.7.3
B,7,4,1,0,20,0.377358490566038,B.4.7.1
B,7,4,1,1,0,0,B.4.7.1
B,7,4,1,2,0,0,B.4.7.1
B,7,4,1,3,0,0,B.4.7.1
B,7,4,1,4,0,0,B.4.7.1
B,7,4,1,5,0,0,B.4.7.1
B,7,4,2,0,13,0.245283018867925,B.4.7.2
B,7,4,2,1,2,0.0377358490566038,B.4.7.2
B,7,4,2,2,0,0,B.4.7.2
B,7,4,2,3,0,0,B.4.7.2
B,7,4,2,4,0,0,B.4.7.2
B,7,4,2,5,0,0,B.4.7.2
B,7,4,3,0,18,0.339622641509434,B.4.7.3
B,7,4,3,1,0,0,B.4.7.3
B,7,4,3,2,0,0,B.4.7.3
B,7,4,3,3,0,0,B.4.7.3
B,7,4,3,4,0,0,B.4.7.3
B,7,4,3,5,0,0,B.4.7.3
